,Unnamed: 0,video-id,fold-ind,startphrase,sent1,sent2,gold-source,ending0,ending1,ending2,ending3,label
733,66321,anetv_i0rC2mfp7mI,1147,"A man dressed in all black and a mask on is outside in a public place playing and instrument with bags in the middle and small keyboard on the outside of it. As he plays, multiple people",A man dressed in all black and a mask on is outside in a public place playing and instrument with bags in the middle and small keyboard on the outside of it.,"As he plays, multiple people",gold,move under and pulls the camera off.,continue to shuffle down the track into a national position.,"are shown playing beer bongo seductively, staring across the field while still walking and speaking to the camera.",walk by continuing on with their life.,3
669,56339,lsmdc3013_BURLESQUE-4857,13933,"She sits on a step and kicks her feet in the air. Facing the audience, she",She sits on a step and kicks her feet in the air.,"Facing the audience, she",gold,"quickly spreads her knees, then crosses her legs.",holds her gaze and makes her way back to the braid.,starts to read the action as she crawls toward her.,licks her lips and licks it.,0
385,9544,anetv_xYeqvN8cihg,17379,The time begins and the boy begins to try and solve the cube as the other boy records his record of 12: 31. The boy then receives a paper and,The time begins and the boy begins to try and solve the cube as the other boy records his record of 12: 31.,The boy then receives a paper and,gold,is surprised when a scoreboard that is performed.,is congratulated by his friends.,writes it while the boys watch.,the girl in white kicks up a piece of serves to retrieve it.,1
102,61273,anetv_uyGxlvak-Bg,10712,The woman in the black shirt is mixing a paste together in a bowl. She,The woman in the black shirt is mixing a paste together in a bowl.,She,gen,has the sheet taken and dried.,adds a toothpick to the glass.,wiped the glass with a orange sponge and cut the grass.,mix it with oil and cream.,3
403,11119,anetv_hsPepNAzu_Q,2325,We see the horses in the stables. We,We see the horses in the stables.,We,gold,see an scroll in the screen.,see a man of a horse close back.,see the people ride in the woods an in a ring.,see the kids knitting with horses.,2
45,38432,anetv_mnv-Qz4QDfU,5227,They are shown in a series of images posing together. We also,They are shown in a series of images posing together.,We also,gen,show them different men as they perform some ballet.,see shown for an interview for a matador.,"begin showing images of men performing, performing stunts as they dance and perform tricks.",appear to be wearing outfits.,2
831,9678,lsmdc3033_HUGO-14299,12882,Her dog pulls her away from the cafe. As station agents,Her dog pulls her away from the cafe.,As station agents,gold,show someone's attention.,"kneel down, they pass the intruder's courtyard through another open door.",head down the sidewalk to the security's apartment.,rush to her aide.,3
527,70176,anetv_LRhkbJ9dcP8,8275,The lady scrunches the wet hair as she blow dries it. We see an instruction scene and the lady,The lady scrunches the wet hair as she blow dries it.,We see an instruction scene and the lady,gold,leans forward as her hair is being blow dried.,dries him a towel.,washes her hair as she swings the beanie with her work.,lifts the lady's lower arm.,0
63,26361,lsmdc1051_Harry_Potter_and_the_goblet_of_fire-7388,13137,"In the courtyard, students say goodbye at the end of term. Someone","In the courtyard, students say goodbye at the end of term.",Someone,gold,finds someone in the crowd and gives her a note.,looks up from his magazine and matches to the taxi.,starts out of the way and the person smacks his hands around someone's face.,feels a white floor.,0
34,59613,anetv_GBNj2k2OVGo,3057,The man blow so hard on his saxophone. A white bird,The man blow so hard on his saxophone.,A white bird,gen,plays on someone's mouth.,is skateboarding in the doorway.,flies out of view.,continues to swirl out into the background.,2
464,12606,anetv_RPkH81M6-NE,7322,A graphic screen in blue appears with a company logo with a motto underneath. There is a woman on a boat passing buildings and a faded blue graphic with white letters,A graphic screen in blue appears with a company logo with a motto underneath.,There is a woman on a boat passing buildings and a faded blue graphic with white letters,gold,appears at the bottom of the screen.,appears with two people.,unrolling a tire on which reads that the segments.,in the middle of the kites.,0
502,56323,anetv_6-P9SRNbwac,6418,"First the girl on the right speaks, and then her friend in a purple t - shirt speaks next. She finishes by turning to her friend and they","First the girl on the right speaks, and then her friend in a purple t - shirt speaks next.",She finishes by turning to her friend and they,gold,continue to blow sitting into each other's hands.,shake each others drinks.,laugh to each other and is trying to get the ball.,"get up, grabbing hands, and exit the scene to the right.",3
788,11748,anetv_M_CU9guT3C0,3667,"The woman opens the faucet and washes a dish with the brush, then she brush her hand while explaining. Then, she washes a dish with the brush, then she","The woman opens the faucet and washes a dish with the brush, then she brush her hand while explaining.","Then, she washes a dish with the brush, then she",gen,sprays dishes before raising it.,squirts toilet foam and rinse it together.,"talks on it, then clean it clean.",wipes it on a cloth.,3
603,63104,lsmdc3070_THE_CALL-33142,6283,He drags the struggling woman across the room. She pulls away with all her might and someone,He drags the struggling woman across the room.,She pulls away with all her might and someone,gold,pushes the rain on the bed.,takes her head and shoves it into the utility sink full of water.,"throws darts at the uncovered, chokes wall.",emerges from a chair in a makeshift set.,1
565,6438,anetv_rq-Xyoo5Rs0,16824,People are doing flips by running and jumping to the wall. boys,People are doing flips by running and jumping to the wall.,boys,gold,are standing on other rooms performing martial arts moves.,do back flips on a blue mat.,are going on of diving together doing cartwheel.,are in a red circle getting hit and consistently.,1
130,58720,anetv_u713piB4VWk,8956,Two wrestlers then bend down and walk around the pit a bit followed by wrestling one another. One man,Two wrestlers then bend down and walk around the pit a bit followed by wrestling one another.,One man,gold,throws the other down and leads into clips of the city.,flips on to his feet and gives them go back to the boy.,"makes up onto the wall, one another and attempts to do an arm wrestle.",walks away with the group while putting an arm around the other.,0
601,67109,anetv_D5A6eBnKmD8,18705,Men are in a gym in full padding. the man,Men are in a gym in full padding.,the man,gen,is then shown getting his legs thrust between the legs of the man in the costume.,gets tissue paper from the ground in front of the pile and starts roofing it.,is doing iron lugs and white clothes.,is talking on the step demonstrating how to exercising.,3
537,65072,anetv_fTQYGNJpSUk,13657,"While they are talking, a game is being played and the two watches them. After, the man begins teaching her various techniques used in the game and they","While they are talking, a game is being played and the two watches them.","After, the man begins teaching her various techniques used in the game and they",gen,are about the mechanics of the game.,continue doing gymnastic moves across the field.,begin playing the game during the game.,engage in a game of bowling games.,2
942,72830,lsmdc3081_THOR-38000,11205,"Sitting atop it's back, someone grins then frowns as the Destroyer's hollow head glows once again. It","Sitting atop it's back, someone grins then frowns as the Destroyer's hollow head glows once again.",It,gold,mounts the sky outside where several other meerkats join the explosion and flies around.,stare at the city all their way through the narrow stream.,'s rib segments twist and rotate until someone finds herself standing on the destroyer's chest.,"sits beside a black horse, fitted and shredded electrocutes.",2
112,69249,anetv_r9OvUc28Qi8,19134,"A large group of people are in an area walking, talking and hanging out. Two men with a referee in the middle appear on a stage and they","A large group of people are in an area walking, talking and hanging out.",Two men with a referee in the middle appear on a stage and they,gen,are shown playing badminton as they join in front of a crowd of people watching.,"are blocked as one group plays and one scores behind the pool stops, then a wrestling player pushes a blue ball attached.",begin to play a game of tug of war.,are shooting at them and pose for the finish then the men show a couple who are falling in the field.,2
756,47953,lsmdc3061_SNOW_FLOWER-29842,11193,"Standing in a hallway, a pregnant someone eavesdrops on the conversation. She","Standing in a hallway, a pregnant someone eavesdrops on the conversation.",She,gold,approaches someone and shakes his hand stiffly.,puts her arms around her hips and her eyes dart forward.,exits the room and sees someone.,"rises, and continues to kiss her face.",2
22,55853,lsmdc3040_JULIE_AND_JULIA-17656,14916,"Now a woman packs an original copy of Mastering the Art of French Cooking into a box with more cookbooks, then thrusts it into a packed jeep. She","Now a woman packs an original copy of Mastering the Art of French Cooking into a box with more cookbooks, then thrusts it into a packed jeep.",She,gen,uses a guide to feed the loaf to the package as she approaches.,shines her flashlight at a closed window on the inside.,"sits in her seat, waiting.",rests her head on the device with a printed certificate.,2
659,67295,lsmdc1051_Harry_Potter_and_the_goblet_of_fire-6608,7330,"The Durmstrang students stride dramatically into the hall, wearing Slavic, military - style uniforms. Each","The Durmstrang students stride dramatically into the hall, wearing Slavic, military - style uniforms.",Each,gold,plays a flip in front of someone.,inspector runs over to the comfy sofa with brightly plastic designs and talks.,lake stands displayed lies a vaulted ceiling where people stand by someone outside the desk.,carries a long staff.,3
38,24564,lsmdc3006_A_GOOD_DAY_TO_DIE_HARD-2830,16700,"Someone forces the truck toward the side of the road. With his face tense, someone",Someone forces the truck toward the side of the road.,"With his face tense, someone",gen,shakes his head slightly.,bobs his head and faces the wrecked city.,pulls on the windscreen of the car and tries to disembark.,draws himself by creeping slowly along a hay wagon.,0
566,70840,lsmdc1010_TITANIC-77053,8584,Men dashed along catwalks as turning gears pumped huge pistons up and down. The mustached foreman,Men dashed along catwalks as turning gears pumped huge pistons up and down.,The mustached foreman,gen,is wearing a grey crooked leotard as he unbuttons his shirt and grabs it.,sets down his rifle then glances behind the computer.,"turns, his treacherous face on the elevator.",walks on the road.,2
926,47598,lsmdc1007_Spider-Man1-74750,2809,A cigarette by someone threw out of the window is thrown back. Someone,A cigarette by someone threw out of the window is thrown back.,Someone,gen,is conspicuously in the back wheel.,stops a young brother with another man.,takes a cover where the book is captured.,appears in the darkness and slips inside.,3
740,26410,lsmdc3055_PROMETHEUS-26819,15429,The probe casts its flickering light at the far end of the chamber as the android goes in. He,The probe casts its flickering light at the far end of the chamber as the android goes in.,He,gen,removes a phone from the dictaphone on its back.,sees someone and someone at the back of the tunnel.,shuts his eyes again.,ames lies beside her and two guards draw close.,2
528,9417,anetv_wPYr19iFxhw,9432,A man walks up next to it and picks up a hose. He,A man walks up next to it and picks up a hose.,He,gen,takes a puff and continues to show how closely it is.,throws the ball inside a can and presents it to the camera.,takes a big puff and blows smoke out of the pipe.,looks at the radio again.,3
344,43512,lsmdc3018_CINDERELLA_MAN-7692,12361,Someone gets out a leather - handled box. Someone,Someone gets out a leather - handled box.,Someone,gold,passes the long torn road.,puts on his polished sneakers.,returns to his chair facing someone and takes a rag from the box.,"sits at the edge of the bed, listening, patting her elbows, then takes the guitar from the archive clip.",2
870,36975,anetv_tRgK4fFA8sE,11517,A woman looks into a camera and smiles while talking before the scene cuts away to a pair of hands working on a bike chain. A pair of hands,A woman looks into a camera and smiles while talking before the scene cuts away to a pair of hands working on a bike chain.,A pair of hands,gold,closes in a sink while still speaking to the camera and showing off a ski gear.,are shown seen on the machine while three others help to work out.,work on a bike chain with tools and bolts.,is bending down in front of a stone wall.,2
758,37463,lsmdc0030_The_Hustler-65076,1800,"Someone shoves through the gawking crowd. Someone tries to take her in his arms, but she",Someone shoves through the gawking crowd.,"Someone tries to take her in his arms, but she",gen,heads back to stony feet.,does n't seem to be getting at him.,yanks him up with his arm and turns him toward the office.,punches him in the face.,3
974,53027,lsmdc3062_SORCERERS_APPRENTICE-30712,4303,Someone watches from the curio shop window and sees someone wearing someone's ring. Two nypd cruisers,Someone watches from the curio shop window and sees someone wearing someone's ring.,Two nypd cruisers,gold,arrive in a common room.,arrive and walked through traffic.,arrive at someone's house there unmoving later.,arrive on the scene.,3
931,47889,lsmdc3013_BURLESQUE-4520,6640,One - by - one the dancers face the audience. The mesmerized blonde watches as varying dancers,One - by - one the dancers face the audience.,The mesmerized blonde watches as varying dancers,gold,plump as students plunge up to find him chatting sex in a cramped space.,hold their seats above their heads.,raise their instrument away to dance.,respond to their names.,3
489,34153,lsmdc3063_SOUL_SURFER-31366,9638,"On the still water, someone watches soberly. From the beach, someone","On the still water, someone watches soberly.","From the beach, someone",gen,watches on a monitor.,watches his stock softened gaze.,takes a seat behind her and rests her chin on his shoulder.,runs behind him and helps him into a rock.,1
654,12730,anetv_f0On10HA3HQ,6103,The jet ski takes off onto the water. It,The jet ski takes off onto the water.,It,gold,gently thumbs it up.,looks down as a plane flies up.,speeds across the lake.,is at the back of the house.,2
162,38839,anetv_fvslbZDJ3C8,7574,We see the man's back flip two more times in slow motion. The video,We see the man's back flip two more times in slow motion.,The video,gold,eventually stops and he speeds again.,continues with different video.,ends with the closing credit screen describing someone saying to a woman.,returns to normal speed.,3
276,47389,lsmdc1026_Legion-5423,11479,The car rolls over in flames. The bursts of rapid fire,The car rolls over in flames.,The bursts of rapid fire,gen,explode and hit up from side to side.,are loud with the couple.,"ripped at the frightened men as he rounds a corner, several bullets attack him.",swirls in the lobby.,2
623,40069,anetv_qRmaZNDyDhA,15337,The woman lowers the car wheel off of the jack. A man,The woman lowers the car wheel off of the jack.,A man,gold,points to the different tools in a tool box.,talks to two men off an airplane.,brings pegs to the side tire and the man puts the flower into the spare tire.,is seen of cards over a table and shreds off a sandwich together.,0
810,14408,anetv_-n0F3QTuxug,9916,He touches his face several times and smiles. He then,He touches his face several times and smiles.,He then,gold,shows how to iron the iron wearing a t - shirt.,flips several times and then inspects the doing.,pierces out of the hair and smiles at the camera.,laughs and puts his hands back into the water.,3
650,26124,lsmdc3037_IRON_MAN2-16401,3870,"He takes out his finger, leans against the sink counter with his head lowered. Later wearing a blue car - racing uniform, someone","He takes out his finger, leans against the sink counter with his head lowered.","Later wearing a blue car - racing uniform, someone",gold,sits on the toilets outside.,descends through a york hydraulic until holding the stop.,walks through a crowd of smiling people.,leans on the roof of the car and looks off in the distance.,2
12,524,anetv_CArYinl5tFo,4937,A box containing a bike is removed by a man in front of a garage. He,A box containing a bike is removed by a man in front of a garage.,He,gold,shows items that you need to get in such detailed.,removed paper from down a table.,"takes out all the parts, and shows how to assemble the bike.",a cat sits on a field and begins cleaning the camera.,2
452,3312,lsmdc3077_THE_VOW-35768,16229,"At the studio, someone joins someone as she works a recording session. Teens","At the studio, someone joins someone as she works a recording session.",Teens,gold,watches someone through the porthole window.,"bang, someone opens the door for her and throws someone to the floor.",play on the other side of the glass.,pulls her pass between two rows of ajar areas in front of her.,2
509,68046,lsmdc3005_ABRAHAM_LINCOLN_VAMPIRE_HUNTER-2233,17340,"They stand on the deck of their humble vessel as it approaches a fleet of steam - powered riverboats crowding a bustling harbor. Now, Spanish moss",They stand on the deck of their humble vessel as it approaches a fleet of steam - powered riverboats crowding a bustling harbor.,"Now, Spanish moss",gold,map pieces keep watch as giant doctors pass through and get into their tent.,hangs low from the branches of surrounding trees.,heaped from the beached lodge sketching hmong covers spread grass.,scamper by a large open bed filled with golden trees.,1
640,6774,anetv_wtQQ5I0QRuw,3458,She is very thorough in her work making sure not to miss anything. She then,She is very thorough in her work making sure not to miss anything.,She then,gen,presses it to the camera and shutting the door behind her.,"types more items, also giving instructions on how to drop the ingredients.",lays another tissue on a box for tape to feed a little bit.,makes a proper step and quickly leaves the hall.,1
949,58784,anetv_r1x3hjFWGYM,3732,The man smiles and we see his face. We,The man smiles and we see his face.,We,gold,are then shown how to remove the contact lens with instructions.,see the ending title screen.,see the tire welding on the ground.,are then standing in the high opening screen.,0
729,25056,anetv_EwjDShmfFHM,12958,A person extends their hands out towards the faucet. They,A person extends their hands out towards the faucet.,They,gold,turn on the faucet and wet their hands.,pan their hands and point it between them and back.,begin dancing around a big rope.,then puts some mouthwash on and lays it down and starts moving it on some white towels.,0
804,52689,anetv_mOVPZhGyUrs,9028,There is a mattress leaning against the basement wall. The players,There is a mattress leaning against the basement wall.,The players,gen,share a fur hat.,"dawns - belts, snapping the white.","pulls the paper into place, picks up the guests and tosses it to the men, relaxing on the couch.",are gearing up and engaged in the game holding it.,3
864,1234,anetv_uTc2-oAxgbc,958,We see a girl sitting in a piercing parlor with a lady standing near her. The lady,We see a girl sitting in a piercing parlor with a lady standing near her.,The lady,gold,brushes fake hair and puts lipstick on her teeth.,puts a clip on the girls lip and sticks a large needle through her lip.,rows one drawer sweeping the cat.,shows her puppy leg tattoo with her finger as she decorates the design.,1
544,21135,anetv_qS7TStZg_5c,11671,A man is showing playing guitar with a title screen shown on the left. The man,A man is showing playing guitar with a title screen shown on the left.,The man,gold,"in a suit walks closer to the boy, hugging the song, and begins running to play for his guitar.","next is playing and that he smokes in his left, sitting on a stool and holding his hand out.",strums over and over again while gradually banging his head to the beat.,is playing the piano in front of him holding a string and begin to play the drums.,2
834,56344,anetv_y7tActqdm9A,5210,Two wildebeests lock horns in a fight for dominance. The fight,Two wildebeests lock horns in a fight for dominance.,The fight,gold,continues with the rest of the wildebeest herd looking on.,splits up for staff.,is replayed by an older man fighting.,makes them crumble.,0
830,65360,lsmdc3020_DEAR_JOHN-10149,18333,Someone taps his fork against his plate and sets it down. Someone,Someone taps his fork against his plate and sets it down.,Someone,gold,"stares with doe - like eyes, then lowers her dark lashes.",comes by bumps his deputies.,drops his foot to the stove's.,rounds the corner trying to find.,0
859,17591,anetv_U7vH9pEfGVw,1562,A man in a suit is talking. A woman in a yellow dress,A man in a suit is talking.,A woman in a yellow dress,gold,hurries her on his arms.,is working out on an elliptical machine.,starts dealing cards onto the table.,is quickly floating in the water.,2
724,6130,lsmdc0050_Indiana_Jones_and_the_last_crusade-70029,9362,Someone pours champagne into several fluted glasses as someone reads. Suddenly someone,Someone pours champagne into several fluted glasses as someone reads.,Suddenly someone,gen,sits on the bar.,"appears frozen in shot, her eye on her hands, framed by the shadow of the possessed.",drops into the kneeling position to face the wall at the end of the room where someone lies on someone's open bed.,stops and looks about.,3
95,29294,anetv_Lr0Vm9zBXKE,3185,Snowy mountain range is shown and people are doing snowboarding. helicopter,Snowy mountain range is shown and people are doing snowboarding.,helicopter,gold,is atop a dark gym.,is flying into the ocean and is running on it.,is in the air landing in a mountain leaving people in the top of the mountain.,"falls over several other people, going for a few seconds.",2
100,42022,lsmdc1034_Super_8-8078,11057,"He nearly leaps out of his skin as a dumpster flies past him. In the shop, someone",He nearly leaps out of his skin as a dumpster flies past him.,"In the shop, someone",gold,talks to a passenger - filled field of people.,is oblivious as his walkman drowns out all the sound.,is spotting a van in the corner farther out.,shows him a test blade.,1
581,10460,anetv_4MKbQ816r9A,13453,A tall thin male is standing in a bar surrounded by liquor. The male,A tall thin male is standing in a bar surrounded by liquor.,The male,gold,completes the rubiks cube.,is buffing which hands with which he squeezed.,has a cup of ice in front of him that he pours into a regular glass that he then adds liquor into.,started to jump and look doing the bar.,2
28,45176,lsmdc3024_EASY_A-11631,17311,"Someone smiles, and shifts in her seat. Someone","Someone smiles, and shifts in her seat.",Someone,gen,"returns to the table, but he is empty.",enters the reception room and steps into the art office.,"gives him a steady sidelong expression, then backs away as someone stalks off.","gives her a long, eager kiss.",3
7,5804,lsmdc3009_BATTLE_LOS_ANGELES-605,12457,"Racing up the remains of the building's only surviving stairwell, he takes out his radio. He","Racing up the remains of the building's only surviving stairwell, he takes out his radio.",He,gold,checks out the assembled network computer monitors.,places someone's i name in his ear.,glances at someone and blocks it below.,walks back to the car to open it.,2
552,10994,anetv_g-KEU43sCt4,6375,A girl flips and takes her turn then flips out of the center. A teen,A girl flips and takes her turn then flips out of the center.,A teen,gen,performs multiple flips before a gymnastic routine with a hoola hoop.,performs an intricate track routine at a bar.,performs a routine on the bar next to a mat while the other players hug her.,performs a flip on a white mat.,3
492,73391,anetv_zOcXA1S_VPI,15010,A man wearing a black hat is talking. A man,A man wearing a black hat is talking.,A man,gen,raises his glass and begins playing the bagpipe.,is squatting on a brown chair.,talks to the camera.,is smoking a cigarette and looking into his mouth.,2
359,4297,anetv_ZYPKueJon34,218,A group of people are seen standing on a bridge. One,A group of people are seen standing on a bridge.,One,gen,woman then speaks to the camera.,leads into a man holding a handle with a pole.,", people are seen on horses as people speaking to the camera.",continues speaking to the camera and leads into her dipping an lens.,0
958,5570,anetv_1lu7Sbu3a6o,6033,The lady and a man push people down the hill. The people,The lady and a man push people down the hill.,The people,gold,slide in rafts down the hill.,wait in a round one talking.,come in and recover the fight.,walk away from their horses.,0
829,71350,lsmdc3082_TITANIC1-38805,9651,As dawn breaks over the ocean. Someone,As dawn breaks over the ocean.,Someone,gen,loses his balance and turns back to the water.,positions himself on the boat.,"watches helplessly, stoned on his tail as someone watches someone join them.","through the front window, the boats soar over a huge green ocean with tips perched on a studded rock.",1
595,41908,anetv_GjHanmMGvuw,18836,She continues moving along the floor while along girl practices behind her. She,She continues moving along the floor while along girl practices behind her.,She,gold,continues dancing with her brow down as well as holding herself looking and laughing.,students all look to the camera.,continues swinging back and fourth in front of the man and continue moving down the demonstrating the movements.,finishes her routine and stands in front of the judges and hears her results.,3
33,21292,lsmdc3072_THE_GIRL_WITH_THE_DRAGON_TATTOO-34373,11244,Someone returns with a utility knife. Someone,Someone returns with a utility knife.,Someone,gen,hauls himself to sit over it.,turns to find the mother on the others.,"stares at the back of it, drawing the bloody knife on someone's brow.",hands the knife on the table.,3
614,51466,anetv_gzs6VcYc0OI,12490,The coach explains some more. A few more boys,The coach explains some more.,A few more boys,gen,are shown on the team.,are in a gym together with the instructor wearing a white shirt and black sweater with cuts in the sides.,are shown sitting with soccer players.,stand up and walk.,2
347,39922,lsmdc0049_Hannah_and_her_sisters-69449,3020,"She then picks up her lit cigarette and continues to smoke. People, almost in dark silhouette,",She then picks up her lit cigarette and continues to smoke.,"People, almost in dark silhouette,",gold,"are running over rising, waiting to be thrown ahead.","is beginning to notice someone, inside.","are walking at a fast clip along the sidewalk, arguing.",stands in the shadows and watches with a goofy scowl.,2
524,18825,anetv_kwaCAq-9LnM,13605,A woman is seen speaking to the camera with a bowl of lemons beside her. She,A woman is seen speaking to the camera with a bowl of lemons beside her.,She,gen,holds the pieces up and begins mixing the ingredients together to create the same dough.,"sit together with a mixer in their hand, then adds a lemon and the mix in a bowl.",is then seen cutting up noodles and putting it on a paper.,mixes ingredients into a bowl and add them to her soda.,1
514,47101,lsmdc3084_TOOTH_FAIRY-39946,5938,"Two fairy assistant go to grab the dog. His wing freed, someone",Two fairy assistant go to grab the dog.,"His wing freed, someone",gen,has seen the fangs there.,"fights his way out at first, opens it, grips it and dangles.",kisses the top of the quaffle and squats a few yards in front of him.,throws the flimsy back against someone.,1
233,40204,lsmdc0012_Get_Shorty-53181,5706,As someone knocks on the door three times. He,As someone knocks on the door three times.,He,gold,"races off to find someone standing at the entrance, waiting for her.","waits, pulls the right - hand glove on tight, so that when someone opens the door, someone nails him one punch.",taps someone's cheek.,flips open a door.,1
746,37880,lsmdc1033_Sherlock_Holmes_A_Game_of_Shadows-85140,6024,Little Hansel is a heavy - caliber artillery piece. A massive shell,Little Hansel is a heavy - caliber artillery piece.,A massive shell,gold,is loaded into the breach.,glows over the smoke.,is shattered around the island.,is dropped on the fence.,0
387,22243,anetv_iPHZeElXYXU,13054,We see a white opening screen. We,We see a white opening screen.,We,gold,see a person paddling the camera in the water.,see people skiing and pushing in a truck.,then see other players one another then scores.,see a lady ironing a shirt on an ironing board and talking to the camera.,3
378,42847,lsmdc0001_American_Beauty-45587,12684,"Someone is suddenly alone in the stands, spellbound. Someone","Someone is suddenly alone in the stands, spellbound.",Someone,gen,looks up at someone with astonishment.,is pushed back by the flow.,is raining down as his mother hops over him.,hops from his grip.,0
297,12068,lsmdc0014_Ist_das_Leben_nicht_schoen-55172,19064,Someone and the crowd come into the living room. A table,Someone and the crowd come into the living room.,A table,gen,slows down as someone shoots him.,lies with a sheet of paper covers.,sits on a wooden table.,has been mixed explosives.,1
695,56714,anetv_juIOpLYnW64,15475,A woman and a doctor are seen talking to one another and leads into the person putting dots on her eyebrow. He,A woman and a doctor are seen talking to one another and leads into the person putting dots on her eyebrow.,He,gold,continues carving the nails while speaking to the camera while laying down in front.,shows off the ridges as well as others using the hair and putting sunscreen on.,shows her in the mirror and then pierces the girl's eyebrow and puts a gem through.,"bends and holding the other as she pets the dog, she speaking to her and pets the cat.",2
445,17479,lsmdc3074_THE_ROOMMATE-4018,19007,"Someone turns away from the stall, her hands still clutching its curtain. Doffing her towel, she","Someone turns away from the stall, her hands still clutching its curtain.","Doffing her towel, she",gold,pushes herself along the side of the wide tub.,steps back into her shower.,brightens her face.,runs lifeless to the sink.,1
494,7620,lsmdc3072_THE_GIRL_WITH_THE_DRAGON_TATTOO-33560,14347,Someone reaches the staircase and someone steps back inside. Someone's hunched figure,Someone reaches the staircase and someone steps back inside.,Someone's hunched figure,gold,throws her robe down and reaches to gesture a dark - skinned woman.,shuffles up a brick walkway illuminated with street lamps.,holds out a chart of roses.,holds his hand held aloft by his holding father.,1
583,10686,anetv_dHzX9NqyBZw,852,Two men are standing on top of trampolines and make a Synchronized jump into the pool. man,Two men are standing on top of trampolines and make a Synchronized jump into the pool.,man,gold,gets to the finish line and begin doing a routine of tumbling.,is going up the stairs to the trampoline.,is doing a somersault in the gym.,is throwing a dart in joy.,1
635,34842,lsmdc3083_TITANIC2-39375,9140,"He closes his sketchbook and hands it to someone. Later, someone",He closes his sketchbook and hands it to someone.,"Later, someone",gold,reaches her cheek against her arm and runs her hands through her hair.,lies on the veranda with a dark - haired man wearing a baseball cap.,writes on a sheet of paper.,sits on the couch.,2
322,22653,anetv_eXMF6Skt2To,7338,We see fireworks going off in the air. We,We see fireworks going off in the air.,We,gen,see a sign of rum.,see scenes of the jumps and it all tricks.,see a man looking to the camera as he plays.,go back in the water over the edge.,2
937,72479,lsmdc1026_Legion-5789,7223,Someone drops his gun and feels his bloody chest. Someone,Someone drops his gun and feels his bloody chest.,Someone,gen,"reaches up, hide his knife.","cleans his jaw, sweating by the ground below his lips, mouth agape.",points the wand at his right hand.,faces the doors closed.,1
525,52669,anetv_lCX7y_KAihU,15197,Photos of him are shown from all sides. Kevin raised ps85,Photos of him are shown from all sides.,Kevin raised ps85,gold,arranges the exact field on their left hands.,falls and the man clicks a disc again.,do all the workout.,is shown on a black screen.,3
82,10879,anetv_yc9Bc8G7Y_Q,19427,A camera shows a forest off in the distance. A person,A camera shows a forest off in the distance.,A person,gen,is carrying a broom in front of a bonfire.,shoots a arrow at the roundabout.,puts oil onto a floor followed by a person kicking and another vacuum cleaner.,is seen brushing the dog.,0
558,66535,lsmdc1031_Quantum_of_Solace-84489,12976,"He slams a man in a car door, runs to the stairs and takes down someone's driver. Someone","He slams a man in a car door, runs to the stairs and takes down someone's driver.",Someone,gen,drives someone in the car then hurries back to the police suit where dozens of men stare fearfully at the stag.,quickly climbs up the steps.,comes out through to the open car window and looks across the street at someone.,points to his coin.,2
721,56854,anetv_A1SuSeqDTEI,6266,We see a mountain near the river. The kayak,We see a mountain near the river.,The kayak,gen,is flattened and choppy.,is now made of snow.,is tilted with a fine harness under the commercial.,moves smoothly along the surface.,3
380,36866,anetv_dUzqM38vwPI,718,He continues going fast on the snowboard behind the car till he comes to a stop. He then,He continues going fast on the snowboard behind the car till he comes to a stop.,He then,gold,goes towards the water.,goes back and forth over the very soldiers how to do his moves and returns to congratulating him.,proceeds to paint the windshield of the car and shows how to install something.,gets off of his snowboard and gives a high five to the driver of the black car.,3
948,12561,lsmdc3071_THE_DESCENDANTS-5447,4431,"Later, inside, someone gently leads a silver - haired woman by the hand. Creasing his lips, he","Later, inside, someone gently leads a silver - haired woman by the hand.","Creasing his lips, he",gen,gestures at a stack of bills.,turns his gaze away.,glances at one teen.,gazes across the room onto the balcony.,1
653,44173,anetv_ZkkTMR21XLc,18378,A man and woman biker are standing outside an event. They,A man and woman biker are standing outside an event.,They,gold,is seen how to make the robotic exercise.,is shown canoeing down a long - and looking down the sidewalk.,roll off of the rope at the last time.,get into a raft and push it into a river.,3
69,54074,lsmdc1023_Horrible_Bosses-81830,3737,"He is short with a goatee, a high forehead and wispy, thin comb - over. He","He is short with a goatee, a high forehead and wispy, thin comb - over.",He,gold,eyes only faintly light.,is a sign that attracts no script to his passing.,scoots back into the office.,holds up a syringe.,2
939,16541,anetv_v5patZyuYys,15205,Players and coaches are seen wandering around a field speaking to one another. More players,Players and coaches are seen wandering around a field speaking to one another.,More players,gold,are seen running around the teams as well as enjoying the pool mates.,are seen playing lacrosse and playing a game with one another.,are shown walking around followed by one hitting a ball and others celebrating.,are shown throwing a ball across the walls.,2
944,49933,lsmdc3072_THE_GIRL_WITH_THE_DRAGON_TATTOO-33658,16368,"Someone topples falling face first on the floor. At the cottage, someone",Someone topples falling face first on the floor.,"At the cottage, someone",gen,lashes the gangster's seat.,"leans back against the trap door, eyes open.",holds onto to the deck and reaches for the surf.,reapers in agony as the people in their windows pierce a tiny suv.,1
462,29134,lsmdc1061_Harry_Potter_and_the_deathly_hallows_Disk_Two-99691,3904,"As they plunge deep into the water, someone sees an image of someone. Someone","As they plunge deep into the water, someone sees an image of someone.",Someone,gen,send the aircraft sign first.,does water lose its grip.,gestures to the kid.,leads the giant out onto the sand.,2
315,58274,lsmdc3060_SANCTUM-29428,4697,Someone and someone go looking for him. Someone,Someone and someone go looking for him.,Someone,gold,strolls in his direction.,puffs on his cigar and looks directly at him.,leads the way into another rocky den.,are robes quietly covering the door from a nip alcove.,2
554,50213,anetv_2TEJnQzCPUM,1032,The man begins by rollerblading down a long walk way and then sitting on a bench outdoors and talking to the cameras. The man then,The man begins by rollerblading down a long walk way and then sitting on a bench outdoors and talking to the cameras.,The man then,gold,demonstrates several different companies.,demonstrates how to strap on roller blades.,takes the shoes at the bottom and starts talking performing the show.,begins moving himself in some difficult competitions.,1
846,9430,lsmdc1047_Defiance-91839,225,Someone comes across someone sitting hunched on a mossy bank. Someone,Someone comes across someone sitting hunched on a mossy bank.,Someone,gold,is clearly hidden by a wide tunnel.,goes from the humans as spider - man out over the street.,leaps out from the woods as he lifts it up.,leans against a tree and watches his young brother's distress.,3
667,59168,lsmdc1010_TITANIC-77292,14725,Someone turns back to someone. Someone,Someone turns back to someone.,Someone,gold,grips the neuralyzer with his thumb.,gives someone and walks toward the cab.,"gazes at someone, then reaches out her hands.",looks at his shirt.,2
409,29965,lsmdc0033_Amadeus-66869,2138,"She sits up, startled. He","She sits up, startled.",He,gen,laughs and grabs her wrist.,falls back and pulls away.,is stronger ahead with reef.,cries as he takes out someone.,0
81,43480,lsmdc3083_TITANIC2-38862,17794,Snoop Dog descends into an open pit in the ship's hull. Snoop Dog,Snoop Dog descends into an open pit in the ship's hull.,Snoop Dog,gold,moves through an opening.,stands under the makeshift tent.,slides out and stops as his detection rises.,maneuvers upwards and jumps.,0
663,59537,lsmdc0028_The_Crying_Game-63919,14235,"Someone collapsed back on the bed, exhausted. Someone","Someone collapsed back on the bed, exhausted.",Someone,gen,are about to arrive.,smashes the window above the car.,turns back to an illustrated access channel.,waits by the lift.,3
491,4472,lsmdc1027_Les_Miserables-6145,9874,She sleeps with her head resting on his lap. Someone,She sleeps with her head resting on his lap.,Someone,gen,looks him up and down.,squeezes her eyes shut.,turns around and sees someone.,"is dancing with someone other now, as it cuts amongst the guests.",0
273,35996,anetv_tD30qafrkhM,5311,She pushes him away and starts crying. A couple,She pushes him away and starts crying.,A couple,gen,steps away from the screen as someone comes downstairs.,takes some other wine and soda from the fridge.,sits their drums inside.,of children dip in and kiss the other boy's face.,0
815,26909,lsmdc3014_CAPTAIN_AMERICA-5570,8748,One guard knocks off a mustached man's bowler hat with a nightstick. The burly prisoner,One guard knocks off a mustached man's bowler hat with a nightstick.,The burly prisoner,gen,wrenches the ring from its handle.,hands him a cataleya orchid.,leads him into a jeep.,ribs the polished giant's skin with his feet.,2
991,4785,lsmdc3090_YOUNG_ADULT-44234,19,She turns toward someone then lays one hand against his face. Someone,She turns toward someone then lays one hand against his face.,Someone,gen,opens her mouth like a squashed.,wakes with a jolt.,moves to her side.,clutches her hands over his face.,1
264,14491,lsmdc3020_DEAR_JOHN-10162,18281,"He walks into the dining room, and retrieves his jacket from the back of his chair. Someone","He walks into the dining room, and retrieves his jacket from the back of his chair.",Someone,gold,"joins him, her dark - lashed eyes blinking forlornly.",eyes move to the tiny boy.,"lands on the table, as the morning sun shines on him.",does the same while then picks up a glass of wine.,0
849,1619,lsmdc3083_TITANIC2-39271,18647,Someone stands between someone and her mother. Someone,Someone stands between someone and her mother.,Someone,gold,closes the carriage and stretches a circle around the teen.,is in the parlor with someone.,writes white cotton in the sack with her hand.,descends the grand staircase.,3
555,71975,lsmdc3014_CAPTAIN_AMERICA-5816,17626,A pair of additional troopers merge onto the road in front of someone. He,A pair of additional troopers merge onto the road in front of someone.,He,gold,speeds up and pulls the pin out of one of their as he passes.,fall down night lanes.,hurries through his front door.,winces someone then picks up his tie.,0
511,70476,lsmdc3070_THE_CALL-32820,17821,"He stops and glances back, then continues forward as the kidnapper looks up from the trunk. He","He stops and glances back, then continues forward as the kidnapper looks up from the trunk.",He,gold,takes someone in behind a lady.,looks around and sees the cops fall down beside him.,gives the driver a friendly wave.,bashes someone into a rocking boat.,2
332,55775,anetv_i_16EfqIrFg,5207,They are picking up shingles that are being removed. A man,They are picking up shingles that are being removed.,A man,gold,in a red shirt jumps over the counter of the roof on the machine.,is hosting a news segment that leads the people from smoke pumping.,is using a scraper to lift them up and separate them from the roof.,spears the roof of the shingles.,2
783,7425,lsmdc3039_JACK_AND_JILL-2635,11966,"Someone enters the stall and the attendant turns to a counter of toiletries. In the stall, someone",Someone enters the stall and the attendant turns to a counter of toiletries.,"In the stall, someone",gold,drops the bag on the toilet.,watches a bodyguard ascend a ladder.,arrives at the lift.,moves on to the potatoes and crouches to water.,0
879,55919,lsmdc3084_TOOTH_FAIRY-40029,12972,"Without warning, someone gets thrown backward. A peppermint embossed with a dog bone","Without warning, someone gets thrown backward.",A peppermint embossed with a dog bone,gold,enters attacked with sting as the electricity barges into someone's chest.,floats through midair and flies into someone's mouth.,catches water from it.,is fastened onto the scaffold.,1
196,53309,anetv_FFUh8Fx4FsA,5307,"The owners of the cars are soaping them down and cleaning the tires very well. Inside of the car wash it it completely empty, no one",The owners of the cars are soaping them down and cleaning the tires very well.,"Inside of the car wash it it completely empty, no one",gold,is inside of it.,can be seen furniture and snow people have been cleaned.,can int what tires should be been getting if someone is cleaning them.,is so in front of what including seen and going new earth made of it.,0
153,36549,anetv_3GgQdXjJfEU,8517,Man wearing black shorts is running on race track and make a javelin throw. men,Man wearing black shorts is running on race track and make a javelin throw.,men,gold,are riding out on a field.,start throwing the javelin on the field doing its punches.,are sitting on a side of the race track.,are on the arena watching the crowd.,2
647,14519,anetv_dexjr5WGeqQ,2507,The woman sets in the square carpet pieces in place to cover the floor. The woman,The woman sets in the square carpet pieces in place to cover the floor.,The woman,gold,measures the wallpaper to cover the floor.,adds an earring into a metal shingle.,nails canes the tiles on a wooden wall.,shows the finished floor off.,3
673,2336,lsmdc1010_TITANIC-77950,6460,"Knee - deep in water, he steps onto the bridge. Someone","Knee - deep in water, he steps onto the bridge.",Someone,gen,squeezes the other shut as he expresses sections.,turns to set up the gangplank.,leads the way across a bridge where a man talks on a crescent horn.,"hops along, the railing.",1
16,36674,anetv_WXST-TXQjoU,4561,A barber is combing and shaving the hair of a man in a seat. They,A barber is combing and shaving the hair of a man in a seat.,They,gold,stop shaving a hair set.,man is sitting at the head of the chair and the rest of his hair is all loose.,is his hair stylist.,"are talking as he works, moving his head side to side.",3
247,53714,anetv_Dk3DiAp2yAU,16852,He bends down and uses the rag all over a window. He,He bends down and uses the rag all over a window.,He,gold,continues to ski with the dog while others watch on the side.,wipes off several paint cans.,continues cleaning off the window while speaking to the camera.,moves from the mans seat to help.,2
742,62272,lsmdc3017_CHRONICLE-7242,10918,"Later, he juggles four balls. He pauses, and they","Later, he juggles four balls.","He pauses, and they",gen,gaze at each other for a moment.,see bright sunlight inside.,play with player sponsor.,slam him up and down.,0
887,5737,lsmdc3035_INSIDE_MAN-2005,11912,She buttons her designer business coat and follows him. They,She buttons her designer business coat and follows him.,They,gold,stand on the trunk next to someone.,stop in front of a we will never forget poster.,stare at each other.,draw the way to the turret of a road.,1
248,30624,anetv_BSsXKG9dFHI,6278,The intro is orange and has the words Orlando Crosstrainer. An exercise machine is shown and different women,The intro is orange and has the words Orlando Crosstrainer.,An exercise machine is shown and different women,gen,begin to rub it with their hands.,are competing playing and they are varied.,are playing the elliptical.,are playing around the bikes.,0
546,22863,lsmdc3004_500_DAYS_OF_SUMMER-1522,7018,Someone's little sister runs of to join her football team on the pitch. Someone,Someone's little sister runs of to join her football team on the pitch.,Someone,gen,turns to the camera and writes a photo.,signals to her teammates.,scowls at her cat.,"duck the inside of a car, which super blows with it.",1
548,63207,lsmdc1053_Harry_Potter_and_the_philosophers_stone-95726,13196,Someone winks and raises his golden goblet in salute. A wonderful banquet,Someone winks and raises his golden goblet in salute.,A wonderful banquet,gold,offers a bold burst of flame.,prepares oats in her dressing center.,stands on the floor of the living quarters of a circular tent.,appears magically on the long tables.,3
312,59268,anetv_9hR1MHvXGv8,17984,The man gets in the car and drives down the street. We,The man gets in the car and drives down the street.,We,gen,see a skateboarder riding the mower passing a treadmill in the driveway.,see the cop in his car.,see a woman moving outside in a blue van.,see a team up on the road.,1
610,41869,lsmdc0010_Frau_Ohne_Gewissen-50967,14260,The twelfth floor is dark. Some light,The twelfth floor is dark.,Some light,gold,come on with light the shadows of the passage.,shines up from the eleventh floor.,hang from the walls.,blazes on the side of the ship.,1
234,35915,anetv_FGAlwzRvAHg,2077,He begins melting the wax with the heated iron and drops it on the board. He,He begins melting the wax with the heated iron and drops it on the board.,He,gold,drops the melted wax all over the board.,"waves, but is achieved in slow motion.",folds it and strokes the handle again.,stretches out the iron to tug of the shirt on the canvas and sits on the table.,0
51,38509,anetv_KzK4sf7RmRM,17556,They bake them in the oven. They,They bake them in the oven.,They,gold,take their bite off the oven and go to the oven.,take it off the oven and the oven top.,pour some jewelry into the dough and put it on a cabinet.,put them on a plate and start to ice them.,3
737,63221,anetv_8RMrbKCQheM,4183,A small boy walks with a paint roller in his hand. the boy,A small boy walks with a paint roller in his hand.,the boy,gold,"put the substance on a slack line, and then use it again to heft the wall and glue it around the floor.",flips the stone over the ground.,dips the paint roller in a paint holder.,lays a flat plastic on the wall frame.,2
839,41123,anetv_5JlwYD_GChY,8236,Scenes of different teams playing in a beach soccer tournament. Clips of the tourists in the beach town and spectators,Scenes of different teams playing in a beach soccer tournament.,Clips of the tourists in the beach town and spectators,gold,watch the cricket game.,lining the beach sideline.,talk about the event.,get on and start pulling a massive ball.,1
910,45200,lsmdc1014_2012-79432,5453,Someone watches the screen on board his ark. Someone,Someone watches the screen on board his ark.,Someone,gold,spreads a box next to the statue.,shakes his head at someone.,"turns to a sailor, carrying a gurney from a motor boat.",frowns then turns to someone.,1
495,3818,lsmdc3058_RUBY_SPARKS-28627,3440,Someone stares at the young woman. She,Someone stares at the young woman.,She,gold,nuzzles his chin and drapes her arms around his shoulders.,looks exactly like someone.,"nods, then heads back toward them.",pushes down the last inch and smashes her face in the water.,1
718,60446,lsmdc0007_DIE_NACHT_DES_JAEGERS-49598,7185,Someone shouts into the cafe. Someone,Someone shouts into the cafe.,Someone,gold,picks up singer's cigarette.,turns to the street mob.,"is at the coffee counter, eating chewing.",bends in to interest someone.,1
172,8214,anetv_9_wuEvN2OnQ,16463,"She is walking around the court, looking around. She","She is walking around the court, looking around.",She,gen,"comes out of a stage at a top, determined to spike a score.",tries to get back into the truck.,picks up a ball and throws it.,looks down on the floor as they dance.,2
769,3397,lsmdc1009_Spider-Man3-76256,18176,"In the devastate office, someone helps another mortal up. The office floor","In the devastate office, someone helps another mortal up.",The office floor,gen,is filled with travel and sights.,is smeared with weapons.,is orderly with monitors.,is laid out into chairs.,1
691,56934,lsmdc1003_How_to_Lose_Friends_and_Alienate_People-73340,1191,Someone sits at the table. She,Someone sits at the table.,She,gold,"takes a sip vodka, hard, as he holds the paper at his head.",holds a cigarette under her eyes and takes a gulp.,"looks at the bacon, sausage, egg, tomatoes, beans, and toast.",studies them as his father closes second book.,2
404,28418,anetv_fnPX_0Rs4eE,19925,"Suddenly, a woman pass running to the right and jump and flip. People","Suddenly, a woman pass running to the right and jump and flip.",People,gen,", the people with the gym on top men are playing hopscotch for the group watching.","are in the room cheering a little, waiting in the ring.",", she stands on the bar and gets to her feet and raises her hands.",look on and see the field slope again from behind bleachers.,1
58,24074,lsmdc3007_A_THOUSAND_WORDS-3763,12956,Someone smiles as he sits with them. Young someone,Someone smiles as he sits with them.,Young someone,gold,shakes food of his fork.,sits in the shrouded rain - up rain cap.,puts down her dress and goes for him.,moves up a mirror then briefly brings a boy hard.,0
171,28138,anetv_98YZQ0gNjpQ,7514,Two people are seen sitting on dirt bike followed by a shot of a sign and them riding on a trail. The men,Two people are seen sitting on dirt bike followed by a shot of a sign and them riding on a trail.,The men,gold,continue speaking to one another while riding the horse down the hill.,ride on the dirt bikes all along the trail moving back and fourth.,ride around on cars with one man on one side of the road and other waves smiling suddenly to the camera.,then continue playing on the beach with the camera pans around their movements.,1
556,7522,anetv_fJCkM6secVM,13300,A woman is feeding a child she is holding. A woman begins adding ingredients to a bowl on a counter and she,A woman is feeding a child she is holding.,A woman begins adding ingredients to a bowl on a counter and she,gen,picks it up and stirs it.,lifts the large pan on the bar with other things but is slicing the in half.,tries to eat them and puts them into her swimming noodles.,attempts to wash it.,0
237,52913,anetv_45ymM0irIIY,9269,A comedian is seen speaking to the camera and leads into a bull running into a pit and various clips of men fighting bulls. A close up of the bull fighting,A comedian is seen speaking to the camera and leads into a bull running into a pit and various clips of men fighting bulls.,A close up of the bull fighting,gold,stops and the bulls had gone.,is shown as well as women fighting in the end.,is shown and pans back to the comedian speaking to the camera.,is shown as well as people fighting over the bull and walking in the woods.,2
597,46370,lsmdc3019_COLOMBIANA-8317,11564,"Toting a suitcase, his wife ushers someone into the next room. Moving past them, someone","Toting a suitcase, his wife ushers someone into the next room.","Moving past them, someone",gen,turns his face toward sarah.,drapes the blanket over her shoulders.,"stands, turns to the tv.",notices the footprints on the floor.,2
532,73224,anetv_TNFoUBRsngY,17905,The leader of the team slips but recovers her footing. The team of girls,The leader of the team slips but recovers her footing.,The team of girls,gold,"hurtle on the ice, their turns spinning.",run from as they run along the court.,are dimly a football.,gets pulled forward until the match is called.,3
966,72340,anetv_JYRVSy54UUY,17911,A woman is seen speaking to the camera while holding onto an accordion. She,A woman is seen speaking to the camera while holding onto an accordion.,She,gold,continues playing and ends by ending and walking around.,holds the flute up as they speak to the camera and begins belly dance.,holds a contact with both hands before going off.,begins moving the instrument slowly while looking to the camera.,3
155,21894,lsmdc3057_ROBIN_HOOD-27891,17489,"As his mounted friends look on a few yards off, someone climbs astride his horse. He","As his mounted friends look on a few yards off, someone climbs astride his horse.",He,gold,gazes down at the noble woman who smiles at him serenely.,"kicks him with a climbing web, then dashes back to the firing beam, clinging to his helmet.",leaps from the car and crashes along a dirt road.,"notices his knife as he moves his left hand off, then runs it along the forest path.",0
892,62963,lsmdc0023_THE_BUTTERFLY_EFFECT-59415,1983,Someone looks back at the model airplane. People,Someone looks back at the model airplane.,People,gen,are sitting on the platform next to the bushes with trim.,talk on the phone.,looks in fighters over.,view the densely packed hydra.,1
915,5020,anetv_Mk9n7isIyBs,8588,She turns her entire body around as she twirls the batons. She,She turns her entire body around as she twirls the batons.,She,gold,finally bows down and holds the baton straight in her hand.,puts down her flute and takes another pen.,pulls back up onto the bar.,pins the ball up her palm.,0
608,59336,lsmdc1046_Australia-91051,13165,The refugees pick their way through the ruins of the Mission's wooden jetty. The Japanese,The refugees pick their way through the ruins of the Mission's wooden jetty.,The Japanese,gold,has gathered two people by their warriors on their backs.,gazes down at the distant rail.,are searching the buildings on the beach.,looks over someone's shoulder.,2
41,10563,anetv_E0DbrJVJUho,4412,Another white screen appears and a content list appears and there 1 - 5. On the next white screen a cardboard box is shown and then it,Another white screen appears and a content list appears and there 1 - 5.,On the next white screen a cardboard box is shown and then it,gold,starts eating a cake in a bar.,"begins to show the many different contents that come in the box, along with the names of them next to it.",includes the end information that a woman is standing for.,is a formal sac of america's painted.,1
361,70724,lsmdc1048_Gran_Torino-92196,6677,"Someone marches back to his house. Someone, her mother and someone",Someone marches back to his house.,"Someone, her mother and someone",gold,lie in bed beside the mobster.,lie on their bed near his bed.,get back to theirs.,pass behind all for the theater entrance.,2
774,58351,lsmdc1024_Identity_Thief-82141,5203,He looks at his phone. Someone,He looks at his phone.,Someone,gold,watches the man leave.,stares blankly into the blank container then replaces his mask.,enters the store and knocks on a front door.,clutches the side of her hair.,0
197,17071,lsmdc1003_How_to_Lose_Friends_and_Alienate_People-73461,9353,"Signs read Hollywood, Beverly Hills. The limo","Signs read Hollywood, Beverly Hills.",The limo,gen,pulls up outside the brightly lit restaurant.,arrives at the curb.,are parked in the outer driveway.,arrives outside an upscale theme park.,3
151,2238,lsmdc0032_The_Princess_Bride-65994,4627,"He straps a harness to him, then lifts people in the harness. Finally, he himself","He straps a harness to him, then lifts people in the harness.","Finally, he himself",gold,breaks the weight on his hand while a young cool boy applauds.,"hurries into the air, raises their hand to the pump and the spiked mask snaps over him.",in a frown as he waves in the air.,gets in the harness.,3
776,12177,lsmdc3057_ROBIN_HOOD-27459,14545,"Someone, someone and someone subtly head off. King someone","Someone, someone and someone subtly head off.",King someone,gold,turns his back.,leans closer and kisses someone.,removes one of his rings and holds it up.,"blinks, then retreats in his distraught face.",2
826,4146,anetv_pMmlJGSucss,15993,A group of men are standing inside a building. A man,A group of men are standing inside a building.,A man,gen,walks to the center of the court and begins to play jump jumps.,is shaving his hands in the air.,is standing next to a soccer ball.,is sitting down on a large ring.,2
992,29359,lsmdc3037_IRON_MAN2-16632,7395,"Downstairs, someone puts on a silver Iron Man suit. At the party, another blond woman","Downstairs, someone puts on a silver Iron Man suit.","At the party, another blond woman",gold,lifts a watermelon overhead.,tosses her card over her shoulder and smiles.,pretends to practice a sport ahead of one.,wears a match on a chart with a handsome dark reception.,0
305,8585,lsmdc3034_IDES_OF_MARCH-3204,10839,The crowd of excited supporters wave American flags and hold signs. Someone,The crowd of excited supporters wave American flags and hold signs.,Someone,gold,stares at his projection.,sits facing the man.,stands motionless toward the back.,winds around the awarded ducking and conversing are ecstatic.,2
631,63992,lsmdc1031_Quantum_of_Solace-84392,16091,She looks out of a side window as rocks and crags skim past. Daylight,She looks out of a side window as rocks and crags skim past.,Daylight,gold,lie on someone as someone comes in and close the door.,are sitting on benches against the mantelpiece.,falls through holes punched in the fuselage by another burst from the fighter.,hits someone hard against the fence and runs.,2
42,50907,lsmdc3016_CHASING_MAVERICKS-6412,14080,"Later at Pleasure Pizza, someone exits the back door with his bike. He","Later at Pleasure Pizza, someone exits the back door with his bike.",He,gold,"rides through a corvette in khaki grounds, yacht passing by bustling traffic.",sees blond across the parking lot exchanging a small plastic bag for money with a scowling bully.,puts out a spray bottle.,"pushes it open and takes off his bag, putting his feet in the appliance.",1
678,4049,anetv_WVM8itzRVjs,1889,"Finally, the fourth man introduces himself. The first man","Finally, the fourth man introduces himself.",The first man,gen,talks to the camera while going to the cups.,fun the squat little while rotating and kicking a ball.,tries and then the man speaks to the camera.,resumes talking to a camera.,3
166,13063,lsmdc3083_TITANIC2-39387,4117,Fleet rings the lookout bell three times. Officer someone,Fleet rings the lookout bell three times.,Officer someone,gold,steps onto the bridge and answers the phone.,faces a weight etched over a window.,shoots one of the soldiers into his armor.,takes someone's necklace.,0
770,3650,lsmdc3059_SALT-29118,9525,"Later, someone passes someone and his men in a corridor. As someone gets led past, she","Later, someone passes someone and his men in a corridor.","As someone gets led past, she",gold,leaves the gambling room.,runs to the motel room building.,jerks her chin up at someone.,"opens a letter, revealing an's portfolio.",2
979,24899,lsmdc0017_Pianist-56213,14788,Someone returns to his bunk. Someone,Someone returns to his bunk.,Someone,gold,looks down at a box of notes as it reaches several times.,blocks someone's shadowy strength.,"has unloaded the sacks of potatoes into the corner and is kneeling, about to untie the string on the smallest sack.",kisses his wife's forehead and tenderly kisses someone's neck.,2
287,62729,anetv_13hdhdieZuc,9211,She begins by wearing a headband to keep her hair out of her face. Then she,She begins by wearing a headband to keep her hair out of her face.,Then she,gold,"starts braiding up, flips and the swinging.",starts applying some foundation all over her face and blends it in.,uses the lotion to style her hair before removing it curls from her hand.,unscrews a comb and blow them into the back of a ponytail.,1
78,11866,lsmdc1061_Harry_Potter_and_the_deathly_hallows_Disk_Two-99927,11127,"Someone stares at someone, who is guarding the entrance up ahead. In the Chamber of Secrets, someone","Someone stares at someone, who is guarding the entrance up ahead.","In the Chamber of Secrets, someone",gold,approaches the skeleton of the basilisk.,turns and narrows his eyes.,watches someone blaster a grenade.,looks at the factory casket.,0
705,1339,lsmdc3064_SPARKLE_2012-4186,17391,"Someone watches someone beckon him suggestively. Off stage, someone",Someone watches someone beckon him suggestively.,"Off stage, someone",gold,stands alone in the restaurant.,marches toward the quidditch player.,marches down the ladder to someone.,touches a cut on his forehead.,3
48,60731,anetv_rV9RzL8o7tk,13912,"Then, the girl walks and takes off the coat, then she takes a cue stick and bend on front two men. After, the girl","Then, the girl walks and takes off the coat, then she takes a cue stick and bend on front two men.","After, the girl",gold,grabs another rock and how to make a drink.,"turns and grabs the boy shirt while making a sexy gesture, then she turns to play again.",takes a plate towards the basket.,puts the teddy round to her left and then she shows off to the camera.,1
90,28827,lsmdc1001_Flight-71690,18333,"A man walks in wearing an ntsb jacket, followed by a few law officers, a nurse and a doctor. The ntsb officer","A man walks in wearing an ntsb jacket, followed by a few law officers, a nurse and a doctor.",The ntsb officer,gold,places a recorder on someone's bed.,"opens her door, turned by the lights, and gets out of view.",opens the door and smiles to his camera.,gives up.,0
895,51872,lsmdc3019_COLOMBIANA-9012,13074,Her computer runs the photo through a database. Someone,Her computer runs the photo through a database.,Someone,gen,'s coat is moored.,grabs a yellow ring.,sits down beside someone.,ultimately scenes of film events indoors.,2
832,2313,lsmdc1010_TITANIC-77950,6503,"Someone's eyes widen as the huge funnel tips over. Swimming in the water with several others, someone",Someone's eyes widen as the huge funnel tips over.,"Swimming in the water with several others, someone",gold,scoops someone's butt up.,looks up as the giant funnel falls onto him.,climbs onto the boat's deck.,grabs it by the current.,1
65,35165,lsmdc1028_No_Reservations-83334,5587,"Wearing a white dressing gown and with damp hair, someone strides down the hallway. Someone","Wearing a white dressing gown and with damp hair, someone strides down the hallway.",Someone,gen,turns to someone and sighs.,greets someone with her duck.,"shuts her door and looks over, studying her reflection in a mirror.","reaches over and kisses her, then slides to a railing.",2
92,31257,anetv_PDjtB578yRk,15541,A large group of people are gathered outdoors on a cemented area and some of the adults that are standing are playing on instruments and singing. The children standing are dressed in white and only some of them,A large group of people are gathered outdoors on a cemented area and some of the adults that are standing are playing on instruments and singing.,The children standing are dressed in white and only some of them,gen,manage many tricks as they cheer on the end.,are still play polo.,and red chefs are standing behind the fence and playing drums to stop the girls when they are done playing.,they started to walk on the side of the river.,0
710,71002,anetv__Af_9cK5x4E,1254,The video then shows multiple men on dirt bikes jumping in various different places and shows the action from a variety of angles. The men,The video then shows multiple men on dirt bikes jumping in various different places and shows the action from a variety of angles.,The men,gold,continue performing their stuns in various other landscapes.,are standing across the finish line and walking up together.,take turns doing martial arts and performing tricks in a field.,begin to complete multiple basketball polo moves with giant ball.,0
613,38968,lsmdc0004_Charade-47898,8689,"Someone is looking up, having heard the footsteps on the stage over his head - - and hearing them now. He","Someone is looking up, having heard the footsteps on the stage over his head - - and hearing them now.",He,gen,stops for a moment staring at a broomstick.,glances up at his floating cell.,"looks around, then grins.","stares up thoughtfully at his disguise, then pulls back up.",2
331,6280,lsmdc3032_HOW_DO_YOU_KNOW-2181,9337,"Pressing her lips together, she closes her eyes. She","Pressing her lips together, she closes her eyes.",She,gen,"turns to them, then stares stoically.",watches him talk as someone drives with this man across the inside.,feels the top of her head then turns to the bar.,takes a drink and a sip.,0
59,32938,lsmdc3062_SORCERERS_APPRENTICE-30863,11888,"His gaze lands on the Incantus. Later, the book",His gaze lands on the Incantus.,"Later, the book",gold,sits neatly on his back and rubs his head.,lies open under his finger.,shows a company report at someone's computer.,falls into the valley.,1
662,61906,lsmdc3089_XMEN_FIRST_CLASS-43018,5690,A soldier fires a rocket launcher. Flames,A soldier fires a rocket launcher.,Flames,gold,"pelt its sparks, squeezing through her waist.","engulf the villain, then shrink into his hands as he absorbs the energy.",push off the gun.,sets down dead running.,1
481,72803,lsmdc3081_THOR-38000,11212,"Nearby, someone crouches behind a parked car as the Destroyer continues to advance. Someone","Nearby, someone crouches behind a parked car as the Destroyer continues to advance.",Someone,gold,keeps his gun ready and drives his papers at her.,hides in the back of the diner while someone dashes to someone.,"shrugs, then follows into the middle.",watches as he drives out.,1
309,71309,anetv_6UqWORrn3KI,2766,Then she adds the mixture to the pitcher. Then the man,Then she adds the mixture to the pitcher.,Then the man,gen,add salt and flour to a saucepan.,puts on cut pieces.,pours the mix into the mixing bowl.,places her toothbrush on a mini mug.,2
605,69518,lsmdc1024_Identity_Thief-82363,17757,She spanks someone as he rapidly knocks his knees. Someone,She spanks someone as he rapidly knocks his knees.,Someone,gen,collapses in his headstone and exhaustion.,looks on in awe.,watches him walk away.,studies someone's profile.,1
274,8173,lsmdc0010_Frau_Ohne_Gewissen-51315,18604,The train is just coming to a stop. The passengers,The train is just coming to a stop.,The passengers,gold,move forward to the tracks.,hurry out of someone's ghostly room.,stat walking while chasing.,"plummet down the road, rising to the sides, holding movement and smashing through clouds of military buildings as the car speeds off.",0
980,18523,lsmdc0014_Ist_das_Leben_nicht_schoen-54247,14258,Someone turns a bottle around from which someone has taken the powder for the capsules. Someone,Someone turns a bottle around from which someone has taken the powder for the capsules.,Someone,gen,turns to the children.,then walks in the direction of the actual snake and pauses.,"gazes at the ground, then lowers it to the beat - up mirror.",turns on a cement surface and shuts the door.,0
200,66366,lsmdc0013_Halloween-53739,1064,The station wagon pulls forward and follows her. Someone,The station wagon pulls forward and follows her.,Someone,gold,stops three houses down the street and pulls into a garage.,tugs at his neck and stares off sadly.,reaches the wall and looks back at her.,helps send the boys suitcases.,0
70,25839,lsmdc3047_LIFE_OF_PI-22387,10666,"Trembling, someone grabs his grappling tool and sticks it in the large fish. He","Trembling, someone grabs his grappling tool and sticks it in the large fish.",He,gold,catches someone by a monument.,turns it through the chamber.,blows smoke on and glares at the man.,heaves it onto the canvas.,3
139,43408,anetv_FrV8r4l5ZUM,2878,More girls join them and jump rope on the court. People,More girls join them and jump rope on the court.,People,gen,pull into a pavilion and halt as they continue to walk across the grass.,perform another long jump and their names are shown on the screen.,are stacking around the top of the table.,watch as many more frog skate through the auditorium.,1
862,64509,lsmdc1024_Identity_Thief-82593,1899,Someone finishes off a large bottle of champagne. As someone,Someone finishes off a large bottle of champagne.,As someone,gen,gazes through his pants.,crosses a blue bureau over her shoulders the teacup remains at her feet.,"hangs his head, the light submerges someone.","eyes her, someone approaches.",3
540,39354,anetv_V--Xz2FtJXA,8880,She holds the braids up that the woman cut off. She,She holds the braids up that the woman cut off.,She,gold,gives the woman a hug.,continues with her hair in the end.,lifts the pin and put it down.,finishes up and puts the baton down.,0
323,72264,lsmdc0003_CASABLANCA-46950,5971,Just then the door opens and it's someone. Someone,Just then the door opens and it's someone.,Someone,gen,puts the image in a pocket.,puts four more agents outside on the roof.,peers out the window.,"eyes someone, who grabs a condom from his mouth.",2
579,54673,lsmdc0041_The_Sixth_Sense-67965,5564,The room is thick with mourners. Most,The room is thick with mourners.,Most,gold,", thin, hooded and hooded, stands awake in bed.","at black, the gray - haired boy runs inside.","are gathered around the girl's mother, a young woman in her late twenties.",of someone's sailboats is accompanied by plastic tape.,2
707,52011,anetv_pSWcVR96xlc,1473,People are standing in a swimming pool. They,People are standing in a swimming pool.,They,gold,throw a ball into a net.,begin playing volleyball on board.,is holding a cup.,are engaged in a game of volleyball.,0
181,22165,anetv_K2Pws9z20Do,7711,The group then begins to dance in unison. some of the group,The group then begins to dance in unison.,some of the group,gen,members holds the performance for the performance.,are standing up holding their selfie.,are seen jumping off the stage and end by jumping.,is listening to the music.,2
388,20463,lsmdc0038_Psycho-67172,15648,"She stares at the papers, turns away, as if what she is fearing would have to be impossible, then, having to satisfy herself, goes to the stand, drops a dime in the iron slot, picks up a los angeles newspaper, starts back into the car lot as she glances worried at the front page. As she goes, we","She stares at the papers, turns away, as if what she is fearing would have to be impossible, then, having to satisfy herself, goes to the stand, drops a dime in the iron slot, picks up a los angeles newspaper, starts back into the car lot as she glances worried at the front page.","As she goes, we",gold,"see, coming up the street toward the lot, the same patrolman.",see empty fear and a sweep to the plain of the house.,see someone eyeing the assigned studying directly in the tracks.,can't see the car driving toward the revolving cabin door.,0
784,59405,anetv__kdhjXHUfes,11954,The man and woman then perform a dance routine together around the stage while looking at one another. The two,The man and woman then perform a dance routine together around the stage while looking at one another.,The two,gold,continue dancing while people watch to the sides.,continue dancing about the routine and eventually walking away and stopping.,break and dance to one another while the camera captures their movements.,continue dancing and end with a bow and the audience applauding.,3
230,46076,lsmdc0041_The_Sixth_Sense-67689,18737,The surface of someone's desk is covered with open texts. Someone,The surface of someone's desk is covered with open texts.,Someone,gold,watches the credits at the timer.,peeks over the steering wheel as someone's eyes glisten occasionally.,pours over a thick reference book.,"inserts the key into the floor, but is not ready.",2
739,24611,lsmdc1048_Gran_Torino-92136,15402,"Rifle in hand, someone edges the garage door open. He","Rifle in hand, someone edges the garage door open.",He,gold,sees someone with a torch beside the gran torino.,walks past the orange smoke.,swoop down onto the roof as a long dark roots wafts out of a building by a intact.,shuts the men's eyes off the car then turns away.,0
763,71781,lsmdc3088_WHATS_YOUR_NUMBER-42073,8876,"Turning, someone finds her now spiky - haired ex behind the bar flourishing his hands at a brunette beauty. He","Turning, someone finds her now spiky - haired ex behind the bar flourishing his hands at a brunette beauty.",He,gen,leaps backward over the bars.,continues to groom her brushing back.,joins her and kisses him as he bashes her face with her dish.,gives an incredulous look.,3
803,52149,lsmdc3090_YOUNG_ADULT-44208,467,He lies beside her and stares into her eyes. Someone,He lies beside her and stares into her eyes.,Someone,gold,appears around his hand and presses a tender kiss on her lips.,sits up and grabs the lens out of her head.,reaches down and tugs on his pajama bottoms.,"peers over her side at the other children as she leaves a cage, hesitates, then follows.",2
897,32742,anetv_P0N68OQDhNs,13759,The man jumps multiple times and goes further each jump. The man,The man jumps multiple times and goes further each jump.,The man,gold,breezes and jumps over other chinese cheers.,lets the javelin throw by.,attempts again roping the rope and lands on it.,bends down and touches the ground while twisting.,3
633,9887,lsmdc3071_THE_DESCENDANTS-5788,4502,A mustached man gives a serious look. Another,A mustached man gives a serious look.,Another,gen,releases a wrench and pulls off the handcuffs.,munches a dollop of pills.,takes a giant drag on his suit.,scans the island in copies.,0
182,24020,anetv_gSwjTXkXK3Q,7356,"They throw balls, trying to get them into cups. A man","They throw balls, trying to get them into cups.",A man,gold,talks to the camera during the game.,in red shirt is standing in front of the tv.,stands in front of the camera stand.,in a white shirt is tossing this man.,0
905,12282,anetv_qoS5nkk7Rgk,9145,"There's a lady dog groomer wearing a black coat, grooming a golden retriever. There","There's a lady dog groomer wearing a black coat, grooming a golden retriever.",There,gold,peels a bowl in the snow and puts it.,is geared up holding the rope carrying the mop.,see the lady mowing around the driveway.,"'s another lady in a blue shirt standing with a teenage girl, also grooming a golden retriever.",3
963,46139,lsmdc0011_Gandhi-53000,14168,"He measures someone for a moment to see that he is sincere, and when he is satisfied with that, he turns slowly to people. They","He measures someone for a moment to see that he is sincere, and when he is satisfied with that, he turns slowly to people.",They,gold,"smiles, his eyes still shut as his hands extends over to stop and his head stained with sweat as he leans closer.",", as we gaze down at the captain, his piece self - consciously moves to his feet and poses with the wedding photo.",have all been taken by surprise by the offer - - and do not feel what someone feels.,"tilts its back to reveal a slight calm, sadness and fearful eyes about gesticulates.",2
638,18320,lsmdc0038_Psycho-67224,14770,She goes into the office. The Young Man,She goes into the office.,The Young Man,gold,sits as if reading a music book.,notices swigs from a bottle.,"follows someone in, closes the door.",swipes a detonator at the door.,2
